<?xml version="1.0" encoding="UTF-8"?>
<project-private xmlns="http://www.netbeans.org/ns/project-private/1">
    <editor-bookmarks xmlns="http://www.netbeans.org/ns/editor-bookmarks/2" lastBookmarkId="0"/>
    <open-files xmlns="http://www.netbeans.org/ns/projectui-open-files/2">
        <group>
            <file>file:/C:/Users/A2mac/OneDrive/Documents/Concordia/3rd%20Year/2nd%20Semester/Fundamental%20Structures/Final%20Project/FinalProjectFight/src/finalprojectfight/Knight.java</file>
            <file>file:/C:/Users/A2mac/OneDrive/Documents/Concordia/3rd%20Year/2nd%20Semester/Fundamental%20Structures/Final%20Project/FinalProjectFight/src/finalprojectfight/LizardMan.java</file>
            <file>file:/C:/Users/A2mac/OneDrive/Documents/Concordia/3rd%20Year/2nd%20Semester/Fundamental%20Structures/Final%20Project/FinalProjectFight/src/finalprojectfight/HeroSelection.java</file>
            <file>file:/C:/Users/A2mac/OneDrive/Documents/Concordia/3rd%20Year/2nd%20Semester/Fundamental%20Structures/Final%20Project/FinalProjectFight/src/finalprojectfight/FinalProjectFight.java</file>
            <file>file:/C:/Users/A2mac/OneDrive/Documents/Concordia/3rd%20Year/2nd%20Semester/Fundamental%20Structures/Final%20Project/FinalProjectFight/src/finalprojectfight/Enemy.java</file>
            <file>file:/C:/Users/A2mac/OneDrive/Documents/Concordia/3rd%20Year/2nd%20Semester/Fundamental%20Structures/Final%20Project/FinalProjectFight/src/finalprojectfight/Hero.java</file>
            <file>file:/C:/Users/A2mac/OneDrive/Documents/Concordia/3rd%20Year/2nd%20Semester/Fundamental%20Structures/Final%20Project/FinalProjectFight/src/finalprojectfight/BattleFrame.java</file>
            <file>file:/C:/Users/A2mac/OneDrive/Documents/Concordia/3rd%20Year/2nd%20Semester/Fundamental%20Structures/Final%20Project/FinalProjectFight/src/finalprojectfight/Creature.java</file>
            <file>file:/C:/Users/A2mac/OneDrive/Documents/Concordia/3rd%20Year/2nd%20Semester/Fundamental%20Structures/Final%20Project/FinalProjectFight/src/finalprojectfight/Boss.java</file>
        </group>
    </open-files>
</project-private>
